ISO2,short_name,Geo_entity,Under,Current_name,long_name,CITES RegionAS,American Samoa,Territory,US,Y,American Samoa,AI,Anguilla,Territory,GB,Y,Anguilla,AQ,Antarctica,Territory,,Y,Antarctica,AW,Aruba,Territory,NL,Y,Aruba,BM,Bermuda,Territory,GB,Y,Bermuda,BV,Bouvet Island,Territory,NO,Y,Bouvet Island,IO,British Indian Ocean Territory,Territory,GB,Y,British Indian Ocean Territory,VG,British Virgin Islands,Territory,GB,Y,Virgin Islands (British),KY,Cayman Islands,Territory,GB,Y,Cayman Islands,CX,Christmas Island,Territory,AU,Y,Christmas Island,CP,Clipperton,Territory,FR,Y,,CC,Cocos (Keeling) Islands,Territory,AU,Y,Cocos (Keeling) Islands,FK,Falkland Islands (Malvinas),Territory,GB,Y,Falkland Islands (Malvinas),FO,Faroe Islands,Territory,DK,Y,Faeroe Islands,GF,French Guiana,Territory,FR,Y,Department of Guiana,PF,French Polynesia,Territory,FR,Y,French Polynesia,TF,French Southern and Antarctic Territories,Territory,FR,Y,French Southern and Antarctic Territories,GI,Gibraltar,Territory,GB,Y,Gibraltar,GL,Greenland,Territory,DK,Y,Greenland,GP,Guadeloupe,Territory,FR,Y,Department of Guadeloupe,GU,Guam,Territory,US,Y,Guam,GG,Guernsey,Territory,GB,Y,Guernsey,HM,Heard and McDonald Islands,Territory,AU,Y,Heard Island and McDonald Islands,HK,Hong Kong,Territory,CN,Y,Hong Kong Special Administrative Region of China,IM,Isle of Man,Territory,GB,Y,Isle of Man,JE,Jersey,Territory,GB,Y,Jersey,MO,Macau,Territory,CN,Y,Macao Special Administrative Region of China,MQ,Martinique,Territory,FR,Y,Department of Martinique,YT,Mayotte,Territory,FR,Y,Territorial collectivity of Mayotte,MS,Montserrat,Territory,GB,Y,Montserrat,AN,Netherlands Antilles,Territory,NL,Y,Netherlands Antilles,NC,New Caledonia,Territory,FR,Y,New Caledonia,NF,Norfolk Island,Territory,AU,Y,Norfolk Island,MP,Northern Mariana Islands,Territory,US,Y,Commonwealth of the Northern Mariana Islands,PN,Pitcairn Islands,Territory,GB,Y,Pitcairn,PR,Puerto Rico,Territory,US,Y,Puerto Rico,RE,Réunion,Territory,FR,Y,Department of Réunion,SH,Saint Helena and Dependencies,Territory,GB,Y,Saint Helena,PM,Saint Pierre and Miquelon,Territory,FR,Y,Territorial collectivity of St. Pierre and Miquelon,GS,South Georgia and South Sandwich Islands,Territory,GB,Y,South Georgia and the South Sandwich Islands,BL,Saint-Barthélemy ,Territory,FR,Y,,MF,Saint-Martin ,Territory,FR,Y,Saint-Martin(French part),SJ,Svalbard and Jan Mayen Islands,Territory,NO,Y,Svalbard and Jan Mayen Islands,TW,"Taiwan, Province of China",Territory,CN,Y,"Taiwan, Province of China",TK,Tokelau,Territory,NZ,Y,Tokelau,TC,Turks and Caicos Islands,Territory,GB,Y,Turks and Caicos Islands,UM,United States Minor Outlying Islands,Territory,US,Y,United States Minor Outlying Islands,VI,Virgin Islands of the USA,Territory,US,Y,Virgin Islands of the United States,WF,Wallis and Futuna Islands,Territory,FR,Y,Wallis and Futuna Islands,AF,Afghanistan,Country,,Y,Islamic Republic of Afghanistan,2AL,Albania,Country,,Y,Republic of Albania,4DZ,Algeria,Country,,Y,People's Democratic Republic of Algeria,1AD,Andorra,Country,,Y,Principality of Andorra,4AO,Angola,Country,,Y,Republic of Angola,1AG,Antigua and Barbuda,Country,,Y,Antigua and Barbuda,3AR,Argentina,Country,,Y,Argentine Republic,3AM,Armenia,Country,,Y,Republic of Armenia,4AU,Australia,Country,,Y,Australia,6AT,Austria,Country,,Y,Republic of Austria,4AZ,Azerbaijan,Country,,Y,Republic of Azerbaijan,4BS,Bahamas,Country,,Y,Commonwealth of the Bahamas,3BH,Bahrain,Country,,Y,Kingdom of Bahrain,2BD,Bangladesh,Country,,Y,People's Republic of Bangladesh,2BB,Barbados,Country,,Y,Barbados,3BY,Belarus,Country,,Y,Republic of Belarus,4BE,Belgium,Country,,Y,Kingdom of Belgium,4BZ,Belize,Country,,Y,Belize,3BJ,Benin,Country,,Y,Republic of Benin,1BT,Bhutan,Country,,Y,Kingdom of Bhutan,2BO,Bolivia (Plurinational State of),Country,,Y,Plurinational State of Bolivia,3BA,Bosnia and Herzegovina,Country,,Y,Bosnia and Herzegovina,4BW,Botswana,Country,,Y,Republic of Botswana,1BR,Brazil,Country,,Y,Federative Republic of Brazil,3BN,Brunei Darussalam,Country,,Y,Brunei Darussalam,2BG,Bulgaria,Country,,Y,Republic of Bulgaria,4BF,Burkina Faso,Country,,Y,Burkina Faso,1BI,Burundi,Country,,Y,Republic of Burundi,1KH,Cambodia,Country,,Y,Kingdom of Cambodia,2CM,Cameroon,Country,,Y,Republic of Cameroon,1CA,Canada,Country,,Y,Canada,5CV,Cape Verde,Country,,Y,Republic of Cape Verde,1CF,Central African Republic,Country,,Y,Central African Republic,1TD,Chad,Country,,Y,Republic of Chad,1CL,Chile,Country,,Y,Republic of Chile,3CN,China,Country,,Y,People's Republic of China,2CO,Colombia,Country,,Y,Republic of Colombia,3KM,Comoros,Country,,Y,Union of the Comoros,1CG,Congo,Country,,Y,Republic of the Congo,1CK,Cook Islands,Country,,Y,Cook Islands,6CR,Costa Rica,Country,,Y,Republic of Costa Rica,3CI,Côte d'Ivoire,Country,,Y,Republic of Côte d'Ivoire,1HR,Croatia,Country,,Y,Republic of Croatia,4CU,Cuba,Country,,Y,Republic of Cuba,3CY,Cyprus,Country,,Y,Republic of Cyprus,4CZ,Czech Republic,Country,,Y,Czech Republic,4KP,Democratic People's Republic of Korea,Country,,Y,Democratic People's Republic of Korea,2CD,Democratic Republic of the Congo,Country,,Y,Democratic Republic of the Congo,1DK,Denmark,Country,,Y,Kingdom of Denmark,4DJ,Djibouti,Country,,Y,Republic of Djibouti,1DM,Dominica,Country,,Y,Commonwealth of Dominica,3DO,Dominican Republic,Country,,Y,Dominican Republic,3EC,Ecuador,Country,,Y,Republic of Ecuador,3EG,Egypt,Country,,Y,Arab Republic of Egypt,1SV,El Salvador,Country,,Y,Republic of El Salvador,3GQ,Equatorial Guinea,Country,,Y,Republic of Equatorial Guinea,1ER,Eritrea,Country,,Y,Eritrea,1EE,Estonia,Country,,Y,Republic of Estonia,4ET,Ethiopia,Country,,Y,Federal Democratic Republic of Ethiopia,1FJ,Fiji,Country,,Y,Republic of Fiji,6FI,Finland,Country,,Y,Republic of Finland,4SU,former USSR,Country,,N,former Union of Soviet Socialist Republics,4FR,France,Country,,Y,French Republic,4GA,Gabon,Country,,Y,Gabonese Republic,1GM,Gambia,Country,,Y,Republic of the Gambia,1GE,Georgia,Country,,Y,Georgia,4DE,Germany,Country,,Y,Federal Republic of Germany,4GH,Ghana,Country,,Y,Republic of Ghana,1GR,Greece,Country,,Y,Hellenic Republic,4GD,Grenada,Country,,Y,Grenada,3GT,Guatemala,Country,,Y,Republic of Guatemala,3GN,Guinea,Country,,Y,Republic of Guinea,1GW,Guinea Bissau,Country,,Y,Republic of Guinea-Bissau,1GY,Guyana,Country,,Y,Republic of Guyana,3HT,Haiti,Country,,Y,Republic of Haiti,3VA,Holy See,Country,,Y,Holy See,4HN,Honduras,Country,,Y,Republic of Honduras,3HU,Hungary,Country,,Y,Republic of Hungary,4IS,Iceland,Country,,Y,Republic of Iceland,4IN,India,Country,,Y,Republic of India,2ID,Indonesia,Country,,Y,Republic of Indonesia,2IR,Iran (Islamic Republic of),Country,,Y,Islamic Republic of Iran,2IQ,Iraq,Country,,Y,Republic of Iraq,2IE,Ireland,Country,,Y,Ireland,4IL,Israel,Country,,Y,State of Israel,4IT,Italy,Country,,Y,Republic of Italy,4JM,Jamaica,Country,,Y,Jamaica,3JP,Japan,Country,,Y,Japan,2JO,Jordan,Country,,Y,Hashemite Kingdom of Jordan,2KZ,Kazakhstan,Country,,Y,Republic of Kazakhstan,2KE,Kenya,Country,,Y,Republic of Kenya,1KI,Kiribati,Country,,Y,Republic of Kiribati,6KW,Kuwait,Country,,Y,State of Kuwait,2KG,Kyrgyzstan,Country,,Y,Kyrgyz Republic,2LA,Lao People's Democratic Republic,Country,,Y,Lao People's Democratic Republic,2LV,Latvia,Country,,Y,Republic of Latvia,4LB,Lebanon,Country,,Y,Lebanese Republic,2LS,Lesotho,Country,,Y,Kingdom of Lesotho,1LR,Liberia,Country,,Y,Republic of Liberia,1LY,Libya,Country,,Y,Libya,1LI,Liechtenstein,Country,,Y,Principality of Liechtenstein,4LT,Lithuania,Country,,Y,Republic of Lithuania,4LU,Luxembourg,Country,,Y,Grand Duchy of Luxembourg,4MG,Madagascar,Country,,Y,Republic of Madagascar,1MW,Malawi,Country,,Y,Republic of Malawi,1MY,Malaysia,Country,,Y,Malaysia,2MV,Maldives,Country,,Y,Republic of Maldives,2ML,Mali,Country,,Y,Republic of Mali,1MT,Malta,Country,,Y,Republic of Malta,4MH,Marshall Islands,Country,,Y,Republic of the Marshall Islands,6MR,Mauritania,Country,,Y,Islamic Republic of Mauritania,1MU,Mauritius,Country,,Y,Republic of Mauritius,1MX,Mexico,Country,,Y,United Mexican States,5FM,Micronesia (Federated States of),Country,,Y,Federated States of Micronesia,6MC,Monaco,Country,,Y,Principality of Monaco,4MN,Mongolia,Country,,Y,Mongolia,2ME,Montenegro,Country,,Y,Montenegro,4MA,Morocco,Country,,Y,Kingdom of Morocco,1MZ,Mozambique,Country,,Y,Republic of Mozambique,1MM,Myanmar,Country,,Y,Union of Myanmar,2NA,Namibia,Country,,Y,Republic of Namibia,1NR,Nauru,Country,,Y,Republic of Nauru,6NP,Nepal,Country,,Y,Federal Democratic Republic of Nepal,2NL,Netherlands,Country,,Y,Kingdom of the Netherlands,4NZ,New Zealand,Country,,Y,New Zealand,6NI,Nicaragua,Country,,Y,Republic of Nicaragua,3NE,Niger,Country,,Y,Republic of the Niger,1NG,Nigeria,Country,,Y,Federal Republic of Nigeria,1NU,Niue,Territory,NZ,Y,Republic of Niue,NO,Norway,Country,,Y,Kingdom of Norway,4PS,Occupied Palestinian Territory,Country,,Y,Occupied Palestinian Territory,4OM,Oman,Country,,Y,Sultanate of Oman,2PK,Pakistan,Country,,Y,Islamic Republic of Pakistan,2PW,Palau,Country,,Y,Republic of Palau,6PA,Panama,Country,,Y,Republic of Panama,3PG,Papua New Guinea,Country,,Y,Papua New Guinea,6PY,Paraguay,Country,,Y,Republic of Paraguay,3PE,Peru,Country,,Y,Republic of Peru,3PH,Philippines,Country,,Y,Republic of the Philippines,2PL,Poland,Country,,Y,Republic of Poland,4PT,Portugal,Country,,Y,Portuguese Republic,4QA,Qatar,Country,,Y,State of Qatar,2KR,Republic of Korea,Country,,Y,Republic of Korea,2MD,Republic of Moldova,Country,,Y,Republic of Moldova,4RO,Romania,Country,,Y,Romania,4RU,Russian Federation,Country,,Y,Russian Federation,4RW,Rwanda,Country,,Y,Republic of Rwanda,1KN,Saint Kitts and Nevis,Country,,Y,Saint Kitts and Nevis,3LC,Saint Lucia,Country,,Y,Saint Lucia,3VC,Saint Vincent and the Grenadines,Country,,Y,Saint Vincent and the Grenadines,3WS,Samoa,Country,,Y,Independent State of Samoa,6SM,San Marino,Country,,Y,Republic of San Marino,4ST,Sao Tome and Principe,Country,,Y,Democratic Republic of Sao Tome and Principe,1SA,Saudi Arabia,Country,,Y,Kingdom of Saudi Arabia,2SN,Senegal,Country,,Y,Republic of Senegal,1CS,Serbia,Country,,Y,Republic of Serbia,4SC,Seychelles,Country,,Y,Republic of Seychelles,1SL,Sierra Leone,Country,,Y,Republic of Sierra Leone,1SG,Singapore,Country,,Y,Republic of Singapore,2SK,Slovakia,Country,,Y,Slovak Republic,4SI,Slovenia,Country,,Y,Republic of Slovenia,4SB,Solomon Islands,Country,,Y,Solomon Islands,6SO,Somalia,Country,,Y,Somali Republic,1ZA,South Africa,Country,,Y,Republic of South Africa,1SS,South Sudan,Country,,Y,Republic of South Sudan,1ES,Spain,Country,,Y,Kingdom of Spain,4LK,Sri Lanka,Country,,Y,Democratic Socialist Republic of Sri Lanka,2SD,Sudan,Country,,Y,Republic of the Sudan,1S1,Sudan [prior to secession of South Sudan],Country,,N,Republic of the Sudan [prior to secession of South Sudan],1SR,Suriname,Country,,Y,Republic of Suriname,3SZ,Swaziland,Country,,Y,Kingdom of Swaziland,1SE,Sweden,Country,,Y,Kingdom of Sweden,4CH,Switzerland,Country,,Y,Swiss Confederation,4SY,Syrian Arab Republic,Country,,Y,Syrian Arab Republic,2TJ,Tajikistan,Country,,Y,Republic of Tajikistan,2TH,Thailand,Country,,Y,Kingdom of Thailand,2MK,The former Yugoslav Republic of Macedonia,Country,,Y,The former Yugoslav Republic of Macedonia,4TL,Timor-Leste,Country,,Y,Democratic Republic of Timor-Leste,2TG,Togo,Country,,Y,Togolese Republic,1TO,Tonga,Country,,Y,Kingdom of Tonga,6TT,Trinidad and Tobago,Country,,Y,Republic of Trinidad and Tobago,3TN,Tunisia,Country,,Y,Republic of Tunisia,1TR,Turkey,Country,,Y,Republic of Turkey,4TM,Turkmenistan,Country,,Y,Turkmenistan,2TV,Tuvalu,Country,,Y,Tuvalu,6UG,Uganda,Country,,Y,Republic of Uganda,1UA,Ukraine,Country,,Y,Ukraine,4AE,United Arab Emirates,Country,,Y,United Arab Emirates,2GB,United Kingdom of Great Britain and Northern Ireland,Country,,Y,United Kingdom of Great Britain and Northern Ireland,4TZ,United Republic of Tanzania,Country,,Y,United Republic of Tanzania,1US,United States of America,Country,,Y,United States of America,5UY,Uruguay,Country,,Y,Eastern Republic of Uruguay,3UZ,Uzbekistan,Country,,Y,Republic of Uzbekistan,2VU,Vanuatu,Country,,Y,Republic of Vanuatu,6VE,Venezuela (Bolivarian Republic of),Country,,Y,Bolivarian Republic of Venezuela,3VN,Viet Nam,Country,,Y,Socialist Republic of Viet Nam,2EH,Western Sahara,Country,,Y,Western Sahara,1YE,Yemen,Country,,Y,Republic of Yemen,2ZM,Zambia,Country,,Y,Republic of Zambia,1ZW,Zimbabwe,Country,,Y,Republic of Zimbabwe,1YU,former Yugoslavia,Country,,N,former Yugoslavia,4